ubica_geo,entidad,desc_ent,municipio,des_mun
"01001","01","Aguascalientes","001","Aguascalientes"
"01002","01","Aguascalientes","002","Asientos"
"01003","01","Aguascalientes","003","Calvillo"
"01004","01","Aguascalientes","004","Cosio"
"01005","01","Aguascalientes","005","Jesus Maria"
"01006","01","Aguascalientes","006","Pabellon De Arteaga"
"01007","01","Aguascalientes","007","Rincon De Romos"
"01008","01","Aguascalientes","008","San Jose De Gracia"
"01009","01","Aguascalientes","009","Tepezala"
"01010","01","Aguascalientes","010","El Llano"
"01011","01","Aguascalientes","011","San Francisco De Los Romo"
"02001","02","Baja California","001","Ensenada"
"02002","02","Baja California","002","Mexicali"
"02003","02","Baja California","003","Tecate"
"02004","02","Baja California","004","Tijuana"
"02005","02","Baja California","005","Playas De Rosarito"
"03001","03","Baja California Sur","001","Comondu"
"03002","03","Baja California Sur","002","Mulege"
"03003","03","Baja California Sur","003","La Paz"
"03008","03","Baja California Sur","008","Los Cabos"
"03009","03","Baja California Sur","009","Loreto"
"04001","04","Campeche","001","Calkini"
"04002","04","Campeche","002","Campeche"
"04003","04","Campeche","003","Carmen"
"04004","04","Campeche","004","Champoton"
"04005","04","Campeche","005","Hecelchakan"
"04006","04","Campeche","006","Hopelchen"
"04007","04","Campeche","007","Palizada"
"04008","04","Campeche","008","Tenabo"
"04009","04","Campeche","009","Escarcega"
"04010","04","Campeche","010","Calakmul"
"04011","04","Campeche","011","Candelaria"
"05002","05","Coahuila De Zaragoza","002","Acuña"
"05004","05","Coahuila De Zaragoza","004","Arteaga"
"05006","05","Coahuila De Zaragoza","006","Castaños"
"05007","05","Coahuila De Zaragoza","007","Cuatro Cienegas"
"05009","05","Coahuila De Zaragoza","009","Francisco I. Madero"
"05010","05","Coahuila De Zaragoza","010","Frontera"
"05013","05","Coahuila De Zaragoza","013","Hidalgo"
"05014","05","Coahuila De Zaragoza","014","Jimenez"
"05017","05","Coahuila De Zaragoza","017","Matamoros"
"05018","05","Coahuila De Zaragoza","018","Monclova"
"05019","05","Coahuila De Zaragoza","019","Morelos"
"05020","05","Coahuila De Zaragoza","020","Muzquiz"
"05022","05","Coahuila De Zaragoza","022","Nava"
"05024","05","Coahuila De Zaragoza","024","Parras"
"05025","05","Coahuila De Zaragoza","025","Piedras Negras"
"05027","05","Coahuila De Zaragoza","027","Ramos Arizpe"
"05028","05","Coahuila De Zaragoza","028","Sabinas"
"05030","05","Coahuila De Zaragoza","030","Saltillo"
"05031","05","Coahuila De Zaragoza","031","San Buenaventura"
"05032","05","Coahuila De Zaragoza","032","San Juan De Sabinas"
"05033","05","Coahuila De Zaragoza","033","San Pedro"
"05035","05","Coahuila De Zaragoza","035","Torreon"
"05036","05","Coahuila De Zaragoza","036","Viesca"
"05037","05","Coahuila De Zaragoza","037","Villa Union"
"06001","06","Colima","001","Armeria"
"06002","06","Colima","002","Colima"
"06003","06","Colima","003","Comala"
"06004","06","Colima","004","Coquimatlan"
"06005","06","Colima","005","Cuauhtemoc"
"06006","06","Colima","006","Ixtlahuacan"
"06007","06","Colima","007","Manzanillo"
"06008","06","Colima","008","Minatitlan"
"06009","06","Colima","009","Tecoman"
"06010","06","Colima","010","Villa De Alvarez"
"07003","07","Chiapas","003","Acapetahua"
"07004","07","Chiapas","004","Altamirano"
"07006","07","Chiapas","006","Amatenango De La Frontera"
"07009","07","Chiapas","009","Arriaga"
"07013","07","Chiapas","013","Bochil"
"07015","07","Chiapas","015","Cacahoatan"
"07017","07","Chiapas","017","Cintalapa"
"07019","07","Chiapas","019","Comitan De Dominguez"
"07020","07","Chiapas","020","La Concordia"
"07027","07","Chiapas","027","Chiapa De Corzo"
"07031","07","Chiapas","031","Chilon"
"07034","07","Chiapas","034","Frontera Comalapa"
"07036","07","Chiapas","036","La Grandeza"
"07039","07","Chiapas","039","Huitiupan"
"07040","07","Chiapas","040","Huixtla"
"07041","07","Chiapas","041","La Independencia"
"07045","07","Chiapas","045","Ixtapangajoya"
"07051","07","Chiapas","051","Mapastepec"
"07052","07","Chiapas","052","Las Margaritas"
"07055","07","Chiapas","055","Metapa"
"07059","07","Chiapas","059","Ocosingo"
"07061","07","Chiapas","061","Ocozocoautla De Espinosa"
"07063","07","Chiapas","063","Osumacinta"
"07064","07","Chiapas","064","Oxchuc"
"07065","07","Chiapas","065","Palenque"
"07068","07","Chiapas","068","Pichucalco"
"07069","07","Chiapas","069","Pijijiapan"
"07072","07","Chiapas","072","Pueblo Nuevo Solistahuacan"
"07077","07","Chiapas","077","Salto De Agua"
"07078","07","Chiapas","078","San Cristobal De Las Casas"
"07079","07","Chiapas","079","San Fernando"
"07080","07","Chiapas","080","Siltepec"
"07087","07","Chiapas","087","Suchiate"
"07089","07","Chiapas","089","Tapachula"
"07091","07","Chiapas","091","Tapilula"
"07092","07","Chiapas","092","Tecpatan"
"07096","07","Chiapas","096","Tila"
"07097","07","Chiapas","097","Tonala"
"07099","07","Chiapas","099","La Trinitaria"
"07101","07","Chiapas","101","Tuxtla Gutierrez"
"07102","07","Chiapas","102","Tuxtla Chico"
"07105","07","Chiapas","105","Union Juarez"
"07106","07","Chiapas","106","Venustiano Carranza"
"07107","07","Chiapas","107","Villa Corzo"
"07108","07","Chiapas","108","Villaflores"
"07112","07","Chiapas","112","San Juan Cancuc"
"07113","07","Chiapas","113","Aldama"
"07114","07","Chiapas","114","Benemerito De Las Americas"
"07115","07","Chiapas","115","Maravilla Tenejapa"
"07117","07","Chiapas","117","Montecristo De Guerrero"
"08001","08","Chihuahua","001","Ahumada"
"08002","08","Chihuahua","002","Aldama"
"08003","08","Chihuahua","003","Allende"
"08004","08","Chihuahua","004","Aquiles Serdan"
"08005","08","Chihuahua","005","Ascension"
"08006","08","Chihuahua","006","Bachiniva"
"08007","08","Chihuahua","007","Balleza"
"08008","08","Chihuahua","008","Batopilas De Manuel Gomez Morin"
"08009","08","Chihuahua","009","Bocoyna"
"08010","08","Chihuahua","010","Buenaventura"
"08011","08","Chihuahua","011","Camargo"
"08012","08","Chihuahua","012","Carichi"
"08013","08","Chihuahua","013","Casas Grandes"
"08014","08","Chihuahua","014","Coronado"
"08016","08","Chihuahua","016","La Cruz"
"08017","08","Chihuahua","017","Cuauhtemoc"
"08018","08","Chihuahua","018","Cusihuiriachi"
"08019","08","Chihuahua","019","Chihuahua"
"08020","08","Chihuahua","020","Chinipas"
"08021","08","Chihuahua","021","Delicias"
"08023","08","Chihuahua","023","Galeana"
"08027","08","Chihuahua","027","Guachochi"
"08028","08","Chihuahua","028","Guadalupe"
"08029","08","Chihuahua","029","Guadalupe Y Calvo"
"08030","08","Chihuahua","030","Guazapares"
"08031","08","Chihuahua","031","Guerrero"
"08032","08","Chihuahua","032","Hidalgo Del Parral"
"08034","08","Chihuahua","034","Ignacio Zaragoza"
"08035","08","Chihuahua","035","Janos"
"08036","08","Chihuahua","036","Jimenez"
"08037","08","Chihuahua","037","Juarez"
"08038","08","Chihuahua","038","Julimes"
"08039","08","Chihuahua","039","Lopez"
"08040","08","Chihuahua","040","Madera"
"08043","08","Chihuahua","043","Matachi"
"08045","08","Chihuahua","045","Meoqui"
"08047","08","Chihuahua","047","Moris"
"08048","08","Chihuahua","048","Namiquipa"
"08050","08","Chihuahua","050","Nuevo Casas Grandes"
"08051","08","Chihuahua","051","Ocampo"
"08052","08","Chihuahua","052","Ojinaga"
"08053","08","Chihuahua","053","Praxedis G. Guerrero"
"08054","08","Chihuahua","054","Riva Palacio"
"08055","08","Chihuahua","055","Rosales"
"08056","08","Chihuahua","056","Rosario"
"08060","08","Chihuahua","060","Santa Barbara"
"08062","08","Chihuahua","062","Saucillo"
"08063","08","Chihuahua","063","Temosachic"
"08065","08","Chihuahua","065","Urique"
"08067","08","Chihuahua","067","Valle De Zaragoza"
"09002","09","Ciudad De México","002","Azcapotzalco"
"09003","09","Ciudad De México","003","Coyoacan"
"09004","09","Ciudad De México","004","Cuajimalpa De Morelos"
"09005","09","Ciudad De México","005","Gustavo A. Madero"
"09006","09","Ciudad De México","006","Iztacalco"
"09007","09","Ciudad De México","007","Iztapalapa"
"09008","09","Ciudad De México","008","La Magdalena Contreras"
"09009","09","Ciudad De México","009","Milpa Alta"
"09010","09","Ciudad De México","010","Alvaro Obregon"
"09011","09","Ciudad De México","011","Tlahuac"
"09012","09","Ciudad De México","012","Tlalpan"
"09013","09","Ciudad De México","013","Xochimilco"
"09014","09","Ciudad De México","014","Benito Juarez"
"09015","09","Ciudad De México","015","Cuauhtemoc"
"09016","09","Ciudad De México","016","Miguel Hidalgo"
"09017","09","Ciudad De México","017","Venustiano Carranza"
"10001","10","Durango","001","Canatlan"
"10003","10","Durango","003","Coneto De Comonfort"
"10004","10","Durango","004","Cuencame"
"10005","10","Durango","005","Durango"
"10006","10","Durango","006","General Simon Bolivar"
"10007","10","Durango","007","Gomez Palacio"
"10008","10","Durango","008","Guadalupe Victoria"
"10012","10","Durango","012","Lerdo"
"10013","10","Durango","013","Mapimi"
"10014","10","Durango","014","Mezquital"
"10015","10","Durango","015","Nazas"
"10016","10","Durango","016","Nombre De Dios"
"10018","10","Durango","018","El Oro"
"10020","10","Durango","020","Panuco De Coronado"
"10021","10","Durango","021","Peñon Blanco"
"10022","10","Durango","022","Poanas"
"10023","10","Durango","023","Pueblo Nuevo"
"10024","10","Durango","024","Rodeo"
"10027","10","Durango","027","San Juan De Guadalupe"
"10028","10","Durango","028","San Juan Del Rio"
"10032","10","Durango","032","Santiago Papasquiaro"
"10033","10","Durango","033","Suchil"
"10035","10","Durango","035","Tepehuanes"
"10038","10","Durango","038","Vicente Guerrero"
"10039","10","Durango","039","Nuevo Ideal"
"11001","11","Guanajuato","001","Abasolo"
"11002","11","Guanajuato","002","Acambaro"
"11003","11","Guanajuato","003","San Miguel De Allende"
"11004","11","Guanajuato","004","Apaseo El Alto"
"11005","11","Guanajuato","005","Apaseo El Grande"
"11007","11","Guanajuato","007","Celaya"
"11008","11","Guanajuato","008","Manuel Doblado"
"11009","11","Guanajuato","009","Comonfort"
"11011","11","Guanajuato","011","Cortazar"
"11013","11","Guanajuato","013","Doctor Mora"
"11014","11","Guanajuato","014","Dolores Hidalgo Cuna De La Independencia Nacional"
"11015","11","Guanajuato","015","Guanajuato"
"11016","11","Guanajuato","016","Huanimaro"
"11017","11","Guanajuato","017","Irapuato"
"11019","11","Guanajuato","019","Jerecuaro"
"11020","11","Guanajuato","020","Leon"
"11022","11","Guanajuato","022","Ocampo"
"11023","11","Guanajuato","023","Penjamo"
"11024","11","Guanajuato","024","Pueblo Nuevo"
"11025","11","Guanajuato","025","Purisima Del Rincon"
"11026","11","Guanajuato","026","Romita"
"11027","11","Guanajuato","027","Salamanca"
"11028","11","Guanajuato","028","Salvatierra"
"11029","11","Guanajuato","029","San Diego De La Union"
"11030","11","Guanajuato","030","San Felipe"
"11031","11","Guanajuato","031","San Francisco Del Rincon"
"11032","11","Guanajuato","032","San Jose Iturbide"
"11033","11","Guanajuato","033","San Luis De La Paz"
"11034","11","Guanajuato","034","Santa Catarina"
"11035","11","Guanajuato","035","Santa Cruz De Juventino Rosas"
"11036","11","Guanajuato","036","Santiago Maravatio"
"11037","11","Guanajuato","037","Silao De La Victoria"
"11039","11","Guanajuato","039","Tarimoro"
"11041","11","Guanajuato","041","Uriangato"
"11042","11","Guanajuato","042","Valle De Santiago"
"11044","11","Guanajuato","044","Villagran"
"11046","11","Guanajuato","046","Yuriria"
"12001","12","Guerrero","001","Acapulco De Juarez"
"12007","12","Guerrero","007","Arcelia"
"12010","12","Guerrero","010","Atlixtac"
"12011","12","Guerrero","011","Atoyac De Alvarez"
"12012","12","Guerrero","012","Ayutla De Los Libres"
"12013","12","Guerrero","013","Azoyu"
"12014","12","Guerrero","014","Benito Juarez"
"12015","12","Guerrero","015","Buenavista De Cuellar"
"12017","12","Guerrero","017","Cocula"
"12018","12","Guerrero","018","Copala"
"12020","12","Guerrero","020","Copanatoyac"
"12021","12","Guerrero","021","Coyuca De Benitez"
"12022","12","Guerrero","022","Coyuca De Catalan"
"12024","12","Guerrero","024","Cualac"
"12025","12","Guerrero","025","Cuautepec"
"12027","12","Guerrero","027","Cutzamala De Pinzon"
"12028","12","Guerrero","028","Chilapa De Alvarez"
"12029","12","Guerrero","029","Chilpancingo De Los Bravo"
"12030","12","Guerrero","030","Florencio Villarreal"
"12033","12","Guerrero","033","Huamuxtitlan"
"12034","12","Guerrero","034","Huitzuco De Los Figueroa"
"12035","12","Guerrero","035","Iguala De La Independencia"
"12036","12","Guerrero","036","Igualapa"
"12038","12","Guerrero","038","Zihuatanejo De Azueta"
"12039","12","Guerrero","039","Juan R. Escudero"
"12040","12","Guerrero","040","Leonardo Bravo"
"12041","12","Guerrero","041","Malinaltepec"
"12042","12","Guerrero","042","Martir De Cuilapan"
"12044","12","Guerrero","044","Mochitlan"
"12045","12","Guerrero","045","Olinala"
"12046","12","Guerrero","046","Ometepec"
"12048","12","Guerrero","048","Petatlan"
"12051","12","Guerrero","051","Quechultenango"
"12052","12","Guerrero","052","San Luis Acatlan"
"12053","12","Guerrero","053","San Marcos"
"12055","12","Guerrero","055","Taxco De Alarcon"
"12056","12","Guerrero","056","Tecoanapa"
"12057","12","Guerrero","057","Tecpan De Galeana"
"12059","12","Guerrero","059","Tepecoacuilco De Trujano"
"12060","12","Guerrero","060","Tetipac"
"12061","12","Guerrero","061","Tixtla De Guerrero"
"12062","12","Guerrero","062","Tlacoachistlahuaca"
"12064","12","Guerrero","064","Tlalchapa"
"12065","12","Guerrero","065","Tlalixtaquilla De Maldonado"
"12066","12","Guerrero","066","Tlapa De Comonfort"
"12071","12","Guerrero","071","Xochistlahuaca"
"12072","12","Guerrero","072","Zapotitlan Tablas"
"12073","12","Guerrero","073","Zirandaro"
"12077","12","Guerrero","077","Marquelia"
"13001","13","Hidalgo","001","Acatlan"
"13003","13","Hidalgo","003","Actopan"
"13004","13","Hidalgo","004","Agua Blanca De Iturbide"
"13007","13","Hidalgo","007","Almoloya"
"13010","13","Hidalgo","010","Atitalaquia"
"13011","13","Hidalgo","011","Atlapexco"
"13013","13","Hidalgo","013","Atotonilco De Tula"
"13014","13","Hidalgo","014","Calnali"
"13015","13","Hidalgo","015","Cardonal"
"13016","13","Hidalgo","016","Cuautepec De Hinojosa"
"13017","13","Hidalgo","017","Chapantongo"
"13018","13","Hidalgo","018","Chapulhuacan"
"13022","13","Hidalgo","022","Epazoyucan"
"13025","13","Hidalgo","025","Huautla"
"13026","13","Hidalgo","026","Huazalingo"
"13027","13","Hidalgo","027","Huehuetla"
"13028","13","Hidalgo","028","Huejutla De Reyes"
"13029","13","Hidalgo","029","Huichapan"
"13030","13","Hidalgo","030","Ixmiquilpan"
"13036","13","Hidalgo","036","San Agustin Metzquititlan"
"13041","13","Hidalgo","041","Mixquiahuala De Juarez"
"13046","13","Hidalgo","046","San Felipe Orizatlan"
"13047","13","Hidalgo","047","Pacula"
"13048","13","Hidalgo","048","Pachuca De Soto"
"13050","13","Hidalgo","050","Progreso De Obregon"
"13051","13","Hidalgo","051","Mineral De La Reforma"
"13053","13","Hidalgo","053","San Bartolo Tutotepec"
"13054","13","Hidalgo","054","San Salvador"
"13055","13","Hidalgo","055","Santiago De Anaya"
"13056","13","Hidalgo","056","Santiago Tulantepec De Lugo Guerrero"
"13058","13","Hidalgo","058","Tasquillo"
"13059","13","Hidalgo","059","Tecozautla"
"13061","13","Hidalgo","061","Tepeapulco"
"13063","13","Hidalgo","063","Tepeji Del Rio De Ocampo"
"13067","13","Hidalgo","067","Tezontepec De Aldama"
"13069","13","Hidalgo","069","Tizayuca"
"13070","13","Hidalgo","070","Tlahuelilpan"
"13071","13","Hidalgo","071","Tlahuiltepa"
"13073","13","Hidalgo","073","Tlanchinol"
"13074","13","Hidalgo","074","Tlaxcoapan"
"13076","13","Hidalgo","076","Tula De Allende"
"13077","13","Hidalgo","077","Tulancingo De Bravo"
"13078","13","Hidalgo","078","Xochiatipan"
"13081","13","Hidalgo","081","Zacualtipan De Angeles"
"13082","13","Hidalgo","082","Zapotlan De Juarez"
"13083","13","Hidalgo","083","Zempoala"
"13084","13","Hidalgo","084","Zimapan"
"14003","14","Jalisco","003","Ahualulco De Mercado"
"14006","14","Jalisco","006","Ameca"
"14008","14","Jalisco","008","Arandas"
"14009","14","Jalisco","009","El Arenal"
"14011","14","Jalisco","011","Atengo"
"14013","14","Jalisco","013","Atotonilco El Alto"
"14015","14","Jalisco","015","Autlan De Navarro"
"14016","14","Jalisco","016","Ayotlan"
"14022","14","Jalisco","022","Cihuatlan"
"14023","14","Jalisco","023","Zapotlan El Grande"
"14027","14","Jalisco","027","Cuautitlan De Garcia Barragan"
"14030","14","Jalisco","030","Chapala"
"14035","14","Jalisco","035","Encarnacion De Diaz"
"14037","14","Jalisco","037","El Grullo"
"14038","14","Jalisco","038","Guachinango"
"14039","14","Jalisco","039","Guadalajara"
"14044","14","Jalisco","044","Ixtlahuacan De Los Membrillos"
"14045","14","Jalisco","045","Ixtlahuacan Del Rio"
"14046","14","Jalisco","046","Jalostotitlan"
"14047","14","Jalisco","047","Jamay"
"14050","14","Jalisco","050","Jocotepec"
"14053","14","Jalisco","053","Lagos De Moreno"
"14059","14","Jalisco","059","Mazamitla"
"14060","14","Jalisco","060","Mexticacan"
"14063","14","Jalisco","063","Ocotlan"
"14064","14","Jalisco","064","Ojuelos De Jalisco"
"14065","14","Jalisco","065","Pihuamo"
"14066","14","Jalisco","066","Poncitlan"
"14067","14","Jalisco","067","Puerto Vallarta"
"14069","14","Jalisco","069","Quitupan"
"14070","14","Jalisco","070","El Salto"
"14073","14","Jalisco","073","San Juan De Los Lagos"
"14083","14","Jalisco","083","Tala"
"14093","14","Jalisco","093","Tepatitlan De Morelos"
"14097","14","Jalisco","097","Tlajomulco De Zuñiga"
"14098","14","Jalisco","098","San Pedro Tlaquepaque"
"14100","14","Jalisco","100","Tomatlan"
"14101","14","Jalisco","101","Tonala"
"14105","14","Jalisco","105","Tototlan"
"14106","14","Jalisco","106","Tuxcacuesco"
"14108","14","Jalisco","108","Tuxpan"
"14109","14","Jalisco","109","Union De San Antonio"
"14116","14","Jalisco","116","Villa Hidalgo"
"14119","14","Jalisco","119","Zacoalco De Torres"
"14120","14","Jalisco","120","Zapopan"
"14121","14","Jalisco","121","Zapotiltic"
"14124","14","Jalisco","124","Zapotlanejo"
"14125","14","Jalisco","125","San Ignacio Cerro Gordo"
"15001","15","México","001","Acambay De Ruiz Castañeda"
"15002","15","México","002","Acolman"
"15003","15","México","003","Aculco"
"15005","15","México","005","Almoloya De Juarez"
"15007","15","México","007","Amanalco"
"15010","15","México","010","Apaxco"
"15011","15","México","011","Atenco"
"15013","15","México","013","Atizapan De Zaragoza"
"15014","15","México","014","Atlacomulco"
"15017","15","México","017","Ayapango"
"15018","15","México","018","Calimaya"
"15020","15","México","020","Coacalco De Berriozabal"
"15021","15","México","021","Coatepec Harinas"
"15023","15","México","023","Coyotepec"
"15024","15","México","024","Cuautitlan"
"15025","15","México","025","Chalco"
"15026","15","México","026","Chapa De Mota"
"15028","15","México","028","Chiautla"
"15029","15","México","029","Chicoloapan"
"15031","15","México","031","Chimalhuacan"
"15032","15","México","032","Donato Guerra"
"15033","15","México","033","Ecatepec De Morelos"
"15035","15","México","035","Huehuetoca"
"15037","15","México","037","Huixquilucan"
"15038","15","México","038","Isidro Fabela"
"15039","15","México","039","Ixtapaluca"
"15040","15","México","040","Ixtapan De La Sal"
"15044","15","México","044","Jaltenco"
"15046","15","México","046","Jilotzingo"
"15047","15","México","047","Jiquipilco"
"15051","15","México","051","Lerma"
"15052","15","México","052","Malinalco"
"15053","15","México","053","Melchor Ocampo"
"15054","15","México","054","Metepec"
"15057","15","México","057","Naucalpan De Juarez"
"15058","15","México","058","Nezahualcoyotl"
"15059","15","México","059","Nextlalpan"
"15060","15","México","060","Nicolas Romero"
"15063","15","México","063","Ocuilan"
"15064","15","México","064","El Oro"
"15067","15","México","067","Otzolotepec"
"15068","15","México","068","Ozumba"
"15070","15","México","070","La Paz"
"15074","15","México","074","San Felipe Del Progreso"
"15077","15","México","077","San Simon De Guerrero"
"15079","15","México","079","Soyaniquilpan De Juarez"
"15081","15","México","081","Tecamac"
"15084","15","México","084","Temascalapa"
"15085","15","México","085","Temascalcingo"
"15087","15","México","087","Temoaya"
"15088","15","México","088","Tenancingo"
"15090","15","México","090","Tenango Del Valle"
"15091","15","México","091","Teoloyucan"
"15099","15","México","099","Texcoco"
"15100","15","México","100","Tezoyuca"
"15101","15","México","101","Tianguistenco"
"15104","15","México","104","Tlalnepantla De Baz"
"15105","15","México","105","Tlatlaya"
"15106","15","México","106","Toluca"
"15108","15","México","108","Tultepec"
"15109","15","México","109","Tultitlan"
"15111","15","México","111","Villa De Allende"
"15112","15","México","112","Villa Del Carbon"
"15113","15","México","113","Villa Guerrero"
"15114","15","México","114","Villa Victoria"
"15115","15","México","115","Xonacatlan"
"15118","15","México","118","Zinacantepec"
"15120","15","México","120","Zumpango"
"15121","15","México","121","Cuautitlan Izcalli"
"15122","15","México","122","Valle De Chalco Solidaridad"
"15123","15","México","123","Luvianos"
"15124","15","México","124","San Jose Del Rincon"
"16003","16","Michoacán De Ocampo","003","Alvaro Obregon"
"16006","16","Michoacán De Ocampo","006","Apatzingan"
"16010","16","Michoacán De Ocampo","010","Arteaga"
"16016","16","Michoacán De Ocampo","016","Coeneo"
"16018","16","Michoacán De Ocampo","018","Copandaro"
"16020","16","Michoacán De Ocampo","020","Cuitzeo"
"16024","16","Michoacán De Ocampo","024","Cheran"
"16031","16","Michoacán De Ocampo","031","Epitacio Huerta"
"16033","16","Michoacán De Ocampo","033","Gabriel Zamora"
"16035","16","Michoacán De Ocampo","035","La Huacana"
"16041","16","Michoacán De Ocampo","041","Irimbo"
"16043","16","Michoacán De Ocampo","043","Jacona"
"16049","16","Michoacán De Ocampo","049","Madero"
"16050","16","Michoacán De Ocampo","050","Maravatio"
"16052","16","Michoacán De Ocampo","052","Lazaro Cardenas"
"16053","16","Michoacán De Ocampo","053","Morelia"
"16055","16","Michoacán De Ocampo","055","Mugica"
"16056","16","Michoacán De Ocampo","056","Nahuatzen"
"16061","16","Michoacán De Ocampo","061","Ocampo"
"16064","16","Michoacán De Ocampo","064","Paracuaro"
"16065","16","Michoacán De Ocampo","065","Paracho"
"16066","16","Michoacán De Ocampo","066","Patzcuaro"
"16068","16","Michoacán De Ocampo","068","Periban"
"16069","16","Michoacán De Ocampo","069","La Piedad"
"16071","16","Michoacán De Ocampo","071","Puruandiro"
"16073","16","Michoacán De Ocampo","073","Quiroga"
"16075","16","Michoacán De Ocampo","075","Los Reyes"
"16076","16","Michoacán De Ocampo","076","Sahuayo"
"16077","16","Michoacán De Ocampo","077","San Lucas"
"16078","16","Michoacán De Ocampo","078","Santa Ana Maya"
"16079","16","Michoacán De Ocampo","079","Salvador Escalante"
"16082","16","Michoacán De Ocampo","082","Tacambaro"
"16083","16","Michoacán De Ocampo","083","Tancitaro"
"16084","16","Michoacán De Ocampo","084","Tangamandapio"
"16085","16","Michoacán De Ocampo","085","Tangancicuaro"
"16088","16","Michoacán De Ocampo","088","Tarimbaro"
"16092","16","Michoacán De Ocampo","092","Tiquicheo De Nicolas Romero"
"16093","16","Michoacán De Ocampo","093","Tlalpujahua"
"16097","16","Michoacán De Ocampo","097","Turicato"
"16099","16","Michoacán De Ocampo","099","Tuzantla"
"16102","16","Michoacán De Ocampo","102","Uruapan"
"16105","16","Michoacán De Ocampo","105","Vista Hermosa"
"16106","16","Michoacán De Ocampo","106","Yurecuaro"
"16107","16","Michoacán De Ocampo","107","Zacapu"
"16108","16","Michoacán De Ocampo","108","Zamora"
"16112","16","Michoacán De Ocampo","112","Zitacuaro"
"17001","17","Morelos","001","Amacuzac"
"17002","17","Morelos","002","Atlatlahucan"
"17003","17","Morelos","003","Axochiapan"
"17004","17","Morelos","004","Ayala"
"17005","17","Morelos","005","Coatlan Del Rio"
"17006","17","Morelos","006","Cuautla"
"17007","17","Morelos","007","Cuernavaca"
"17008","17","Morelos","008","Emiliano Zapata"
"17009","17","Morelos","009","Huitzilac"
"17010","17","Morelos","010","Jantetelco"
"17011","17","Morelos","011","Jiutepec"
"17012","17","Morelos","012","Jojutla"
"17013","17","Morelos","013","Jonacatepec De Leandro Valle"
"17015","17","Morelos","015","Miacatlan"
"17016","17","Morelos","016","Ocuituco"
"17017","17","Morelos","017","Puente De Ixtla"
"17018","17","Morelos","018","Temixco"
"17019","17","Morelos","019","Tepalcingo"
"17020","17","Morelos","020","Tepoztlan"
"17025","17","Morelos","025","Tlaquiltenango"
"17026","17","Morelos","026","Tlayacapan"
"17027","17","Morelos","027","Totolapan"
"17028","17","Morelos","028","Xochitepec"
"17029","17","Morelos","029","Yautepec"
"17030","17","Morelos","030","Yecapixtla"
"17031","17","Morelos","031","Zacatepec"
"17032","17","Morelos","032","Zacualpan De Amilpas"
"17033","17","Morelos","033","Temoac"
"18001","18","Nayarit","001","Acaponeta"
"18002","18","Nayarit","002","Ahuacatlan"
"18003","18","Nayarit","003","Amatlan De Cañas"
"18004","18","Nayarit","004","Compostela"
"18006","18","Nayarit","006","Ixtlan Del Rio"
"18008","18","Nayarit","008","Xalisco"
"18009","18","Nayarit","009","Del Nayar"
"18010","18","Nayarit","010","Rosamorada"
"18011","18","Nayarit","011","Ruiz"
"18012","18","Nayarit","012","San Blas"
"18013","18","Nayarit","013","San Pedro Lagunillas"
"18014","18","Nayarit","014","Santa Maria Del Oro"
"18015","18","Nayarit","015","Santiago Ixcuintla"
"18016","18","Nayarit","016","Tecuala"
"18017","18","Nayarit","017","Tepic"
"18018","18","Nayarit","018","Tuxpan"
"18019","18","Nayarit","019","La Yesca"
"18020","18","Nayarit","020","Bahia De Banderas"
"19001","19","Nuevo León","001","Abasolo"
"19004","19","Nuevo León","004","Allende"
"19005","19","Nuevo León","005","Anahuac"
"19006","19","Nuevo León","006","Apodaca"
"19007","19","Nuevo León","007","Aramberri"
"19009","19","Nuevo León","009","Cadereyta Jimenez"
"19014","19","Nuevo León","014","Doctor Arroyo"
"19016","19","Nuevo León","016","Doctor Gonzalez"
"19017","19","Nuevo León","017","Galeana"
"19018","19","Nuevo León","018","Garcia"
"19019","19","Nuevo León","019","San Pedro Garza Garcia"
"19021","19","Nuevo León","021","General Escobedo"
"19022","19","Nuevo León","022","General Teran"
"19023","19","Nuevo León","023","General Treviño"
"19025","19","Nuevo León","025","General Zuazua"
"19026","19","Nuevo León","026","Guadalupe"
"19027","19","Nuevo León","027","Los Herreras"
"19031","19","Nuevo León","031","Juarez"
"19033","19","Nuevo León","033","Linares"
"19034","19","Nuevo León","034","Marin"
"19035","19","Nuevo León","035","Melchor Ocampo"
"19036","19","Nuevo León","036","Mier Y Noriega"
"19038","19","Nuevo León","038","Montemorelos"
"19039","19","Nuevo León","039","Monterrey"
"19041","19","Nuevo León","041","Pesqueria"
"19042","19","Nuevo León","042","Los Ramones"
"19045","19","Nuevo León","045","Salinas Victoria"
"19046","19","Nuevo León","046","San Nicolas De Los Garza"
"19047","19","Nuevo León","047","Hidalgo"
"19048","19","Nuevo León","048","Santa Catarina"
"19049","19","Nuevo León","049","Santiago"
"19050","19","Nuevo León","050","Vallecillo"
"20002","20","Oaxaca","002","Acatlan De Perez Figueroa"
"20009","20","Oaxaca","009","Ayotzintepec"
"20010","20","Oaxaca","010","El Barrio De La Soledad"
"20014","20","Oaxaca","014","Ciudad Ixtepec"
"20015","20","Oaxaca","015","Coatecas Altas"
"20016","20","Oaxaca","016","Coicoyan De Las Flores"
"20025","20","Oaxaca","025","Chahuites"
"20026","20","Oaxaca","026","Chalcatongo De Hidalgo"
"20039","20","Oaxaca","039","Heroica Ciudad De Huajuapan De Leon"
"20041","20","Oaxaca","041","Huautla De Jimenez"
"20043","20","Oaxaca","043","Heroica Ciudad De Juchitan De Zaragoza"
"20044","20","Oaxaca","044","Loma Bonita"
"20046","20","Oaxaca","046","Magdalena Jaltepec"
"20051","20","Oaxaca","051","Magdalena Teitipac"
"20059","20","Oaxaca","059","Miahuatlan De Porfirio Diaz"
"20064","20","Oaxaca","064","Nejapa De Madero"
"20067","20","Oaxaca","067","Oaxaca De Juarez"
"20073","20","Oaxaca","073","Putla Villa De Guerrero"
"20079","20","Oaxaca","079","Salina Cruz"
"20083","20","Oaxaca","083","San Agustin De Las Juntas"
"20085","20","Oaxaca","085","San Agustin Loxicha"
"20087","20","Oaxaca","087","San Agustin Yatareni"
"20095","20","Oaxaca","095","San Andres Paxtlan"
"20098","20","Oaxaca","098","San Andres Teotilalpam"
"20105","20","Oaxaca","105","San Antonino Monte Verde"
"20124","20","Oaxaca","124","San Blas Atempa"
"20134","20","Oaxaca","134","San Felipe Jalapa De Diaz"
"20136","20","Oaxaca","136","San Felipe Usila"
"20141","20","Oaxaca","141","San Francisco Del Mar"
"20157","20","Oaxaca","157","San Jacinto Amilpas"
"20167","20","Oaxaca","167","San Jose Del Peñasco"
"20171","20","Oaxaca","171","San Jose Tenango"
"20184","20","Oaxaca","184","San Juan Bautista Tuxtepec"
"20187","20","Oaxaca","187","San Juan Coatzospam"
"20200","20","Oaxaca","200","San Juan Juquila Mixes"
"20202","20","Oaxaca","202","San Juan Lachao"
"20227","20","Oaxaca","227","San Lorenzo Cacaotepec"
"20234","20","Oaxaca","234","San Lucas Zoquiapam"
"20261","20","Oaxaca","261","San Miguel Amatitlan"
"20266","20","Oaxaca","266","San Miguel Del Puerto"
"20271","20","Oaxaca","271","San Miguel Mixtepec"
"20277","20","Oaxaca","277","Villa Sola De Vega"
"20278","20","Oaxaca","278","San Miguel Soyaltepec"
"20293","20","Oaxaca","293","San Pablo Etla"
"20295","20","Oaxaca","295","San Pablo Huixtepec"
"20302","20","Oaxaca","302","San Pedro Atoyac"
"20309","20","Oaxaca","309","San Pedro Ixcatlan"
"20315","20","Oaxaca","315","San Pedro Martir"
"20318","20","Oaxaca","318","San Pedro Mixtepec"
"20324","20","Oaxaca","324","San Pedro Pochutla"
"20334","20","Oaxaca","334","Villa De Tututepec"
"20348","20","Oaxaca","348","San Sebastian Tecomaxtlahuaca"
"20349","20","Oaxaca","349","San Sebastian Teitipac"
"20350","20","Oaxaca","350","San Sebastian Tutla"
"20364","20","Oaxaca","364","Santa Catarina Juquila"
"20365","20","Oaxaca","365","Santa Catarina Lachatao"
"20372","20","Oaxaca","372","Santa Catarina Yosonotu"
"20385","20","Oaxaca","385","Santa Cruz Xoxocotlan"
"20390","20","Oaxaca","390","Santa Lucia Del Camino"
"20394","20","Oaxaca","394","Santa Maria Alotepec"
"20397","20","Oaxaca","397","Heroica Ciudad De Tlaxiaco"
"20399","20","Oaxaca","399","Santa Maria Atzompa"
"20401","20","Oaxaca","401","Santa Maria Colotepec"
"20403","20","Oaxaca","403","Santa Maria Coyotepec"
"20406","20","Oaxaca","406","Santa Maria Chilchotla"
"20413","20","Oaxaca","413","Santa Maria Huatulco"
"20418","20","Oaxaca","418","Santa Maria Jalapa Del Marques"
"20439","20","Oaxaca","439","Santa Maria Tonameca"
"20441","20","Oaxaca","441","Santa Maria Xadani"
"20447","20","Oaxaca","447","Santa Maria Zacatepec"
"20460","20","Oaxaca","460","Santiago Choapam"
"20466","20","Oaxaca","466","Santiago Ixtayutla"
"20467","20","Oaxaca","467","Santiago Jamiltepec"
"20469","20","Oaxaca","469","Santiago Juxtlahuaca"
"20482","20","Oaxaca","482","Santiago Pinotepa Nacional"
"20483","20","Oaxaca","483","Santiago Suchilquitongo"
"20491","20","Oaxaca","491","Santiago Textitlan"
"20504","20","Oaxaca","504","Nuevo Zoquiapam"
"20515","20","Oaxaca","515","Santo Domingo Tehuantepec"
"20539","20","Oaxaca","539","Soledad Etla"
"20546","20","Oaxaca","546","Teotitlan Del Valle"
"20551","20","Oaxaca","551","Tlacolula De Matamoros"
"20553","20","Oaxaca","553","Tlalixtac De Cabrera"
"20559","20","Oaxaca","559","San Juan Bautista Valle Nacional"
"20570","20","Oaxaca","570","Zimatlan De Alvarez"
"21004","21","Puebla","004","Acatzingo"
"21008","21","Puebla","008","Ahuazotepec"
"21015","21","Puebla","015","Amozoc"
"21019","21","Puebla","019","Atlixco"
"21029","21","Puebla","029","Caxhuacan"
"21034","21","Puebla","034","Coronango"
"21040","21","Puebla","040","Cuautinchan"
"21041","21","Puebla","041","Cuautlancingo"
"21043","21","Puebla","043","Cuetzalan Del Progreso"
"21053","21","Puebla","053","Chignahuapan"
"21054","21","Puebla","054","Chignautla"
"21061","21","Puebla","061","Eloxochitlan"
"21062","21","Puebla","062","Epatlan"
"21064","21","Puebla","064","Francisco Z. Mena"
"21074","21","Puebla","074","Huejotzingo"
"21076","21","Puebla","076","Hueytamalco"
"21078","21","Puebla","078","Huitzilan De Serdan"
"21083","21","Puebla","083","Ixtacamaxtitlan"
"21085","21","Puebla","085","Izucar De Matamoros"
"21090","21","Puebla","090","Juan C. Bonilla"
"21091","21","Puebla","091","Juan Galindo"
"21094","21","Puebla","094","Libres"
"21099","21","Puebla","099","Cañada Morelos"
"21102","21","Puebla","102","Nealtican"
"21104","21","Puebla","104","Nopalucan"
"21110","21","Puebla","110","Palmar De Bravo"
"21111","21","Puebla","111","Pantepec"
"21114","21","Puebla","114","Puebla"
"21115","21","Puebla","115","Quecholac"
"21119","21","Puebla","119","San Andres Cholula"
"21125","21","Puebla","125","San Gregorio Atzompa"
"21127","21","Puebla","127","San Jeronimo Xayacatlan"
"21129","21","Puebla","129","San Jose Miahuatlan"
"21132","21","Puebla","132","San Martin Texmelucan"
"21138","21","Puebla","138","San Nicolas De Los Ranchos"
"21140","21","Puebla","140","San Pedro Cholula"
"21143","21","Puebla","143","San Salvador El Verde"
"21145","21","Puebla","145","San Sebastian Tlacotepec"
"21153","21","Puebla","153","Tecali De Herrera"
"21154","21","Puebla","154","Tecamachalco"
"21156","21","Puebla","156","Tehuacan"
"21160","21","Puebla","160","Teotlalco"
"21163","21","Puebla","163","Tepatlaxco De Hidalgo"
"21164","21","Puebla","164","Tepeaca"
"21169","21","Puebla","169","Tepexi De Rodriguez"
"21170","21","Puebla","170","Tepeyahualco"
"21174","21","Puebla","174","Teziutlan"
"21176","21","Puebla","176","Tilapa"
"21179","21","Puebla","179","Tlachichuca"
"21186","21","Puebla","186","Tlatlauquitepec"
"21189","21","Puebla","189","Tochtepec"
"21194","21","Puebla","194","Venustiano Carranza"
"21197","21","Puebla","197","Xicotepec"
"21199","21","Puebla","199","Xiutetelco"
"21202","21","Puebla","202","Xochitlan De Vicente Suarez"
"21205","21","Puebla","205","Yehualtepec"
"21206","21","Puebla","206","Zacapala"
"22001","22","Querétaro","001","Amealco De Bonfil"
"22002","22","Querétaro","002","Pinal De Amoles"
"22004","22","Querétaro","004","Cadereyta De Montes"
"22005","22","Querétaro","005","Colon"
"22006","22","Querétaro","006","Corregidora"
"22007","22","Querétaro","007","Ezequiel Montes"
"22008","22","Querétaro","008","Huimilpan"
"22009","22","Querétaro","009","Jalpan De Serra"
"22010","22","Querétaro","010","Landa De Matamoros"
"22011","22","Querétaro","011","El Marques"
"22012","22","Querétaro","012","Pedro Escobedo"
"22013","22","Querétaro","013","Peñamiller"
"22014","22","Querétaro","014","Queretaro"
"22016","22","Querétaro","016","San Juan Del Rio"
"22017","22","Querétaro","017","Tequisquiapan"
"22018","22","Querétaro","018","Toliman"
"23001","23","Quintana Roo","001","Cozumel"
"23002","23","Quintana Roo","002","Felipe Carrillo Puerto"
"23003","23","Quintana Roo","003","Isla Mujeres"
"23004","23","Quintana Roo","004","Othon P. Blanco"
"23005","23","Quintana Roo","005","Benito Juarez"
"23006","23","Quintana Roo","006","Jose Maria Morelos"
"23007","23","Quintana Roo","007","Lazaro Cardenas"
"23008","23","Quintana Roo","008","Solidaridad"
"23009","23","Quintana Roo","009","Tulum"
"23010","23","Quintana Roo","010","Bacalar"
"23011","23","Quintana Roo","011","Puerto Morelos"
"24005","24","San Luis Potosí","005","Cardenas"
"24006","24","San Luis Potosí","006","Catorce"
"24009","24","San Luis Potosí","009","Cerro De San Pedro"
"24010","24","San Luis Potosí","010","Ciudad Del Maiz"
"24011","24","San Luis Potosí","011","Ciudad Fernandez"
"24012","24","San Luis Potosí","012","Tancanhuitz"
"24013","24","San Luis Potosí","013","Ciudad Valles"
"24014","24","San Luis Potosí","014","Coxcatlan"
"24016","24","San Luis Potosí","016","Ebano"
"24017","24","San Luis Potosí","017","Guadalcazar"
"24020","24","San Luis Potosí","020","Matehuala"
"24021","24","San Luis Potosí","021","Mexquitic De Carmona"
"24023","24","San Luis Potosí","023","Rayon"
"24024","24","San Luis Potosí","024","Rioverde"
"24025","24","San Luis Potosí","025","Salinas"
"24026","24","San Luis Potosí","026","San Antonio"
"24028","24","San Luis Potosí","028","San Luis Potosi"
"24029","24","San Luis Potosí","029","San Martin Chalchicuautla"
"24031","24","San Luis Potosí","031","Santa Catarina"
"24032","24","San Luis Potosí","032","Santa Maria Del Rio"
"24033","24","San Luis Potosí","033","Santo Domingo"
"24035","24","San Luis Potosí","035","Soledad De Graciano Sanchez"
"24036","24","San Luis Potosí","036","Tamasopo"
"24037","24","San Luis Potosí","037","Tamazunchale"
"24038","24","San Luis Potosí","038","Tampacan"
"24039","24","San Luis Potosí","039","Tampamolon Corona"
"24040","24","San Luis Potosí","040","Tamuin"
"24041","24","San Luis Potosí","041","Tanlajas"
"24042","24","San Luis Potosí","042","Tanquian De Escobedo"
"24046","24","San Luis Potosí","046","Villa De Arriaga"
"24049","24","San Luis Potosí","049","Villa De Ramos"
"24050","24","San Luis Potosí","050","Villa De Reyes"
"24053","24","San Luis Potosí","053","Axtla De Terrazas"
"24054","24","San Luis Potosí","054","Xilitla"
"24057","24","San Luis Potosí","057","Matlapa"
"24058","24","San Luis Potosí","058","El Naranjo"
"25001","25","Sinaloa","001","Ahome"
"25002","25","Sinaloa","002","Angostura"
"25004","25","Sinaloa","004","Concordia"
"25005","25","Sinaloa","005","Cosala"
"25006","25","Sinaloa","006","Culiacan"
"25007","25","Sinaloa","007","Choix"
"25008","25","Sinaloa","008","Elota"
"25010","25","Sinaloa","010","El Fuerte"
"25011","25","Sinaloa","011","Guasave"
"25012","25","Sinaloa","012","Mazatlan"
"25013","25","Sinaloa","013","Mocorito"
"25014","25","Sinaloa","014","Rosario"
"25015","25","Sinaloa","015","Salvador Alvarado"
"25017","25","Sinaloa","017","Sinaloa"
"25018","25","Sinaloa","018","Navolato"
"26001","26","Sonora","001","Aconchi"
"26002","26","Sonora","002","Agua Prieta"
"26003","26","Sonora","003","Alamos"
"26008","26","Sonora","008","Bacadehuachi"
"26009","26","Sonora","009","Bacanora"
"26012","26","Sonora","012","Bacum"
"26017","26","Sonora","017","Caborca"
"26018","26","Sonora","018","Cajeme"
"26019","26","Sonora","019","Cananea"
"26025","26","Sonora","025","Empalme"
"26026","26","Sonora","026","Etchojoa"
"26027","26","Sonora","027","Fronteras"
"26029","26","Sonora","029","Guaymas"
"26030","26","Sonora","030","Hermosillo"
"26033","26","Sonora","033","Huatabampo"
"26035","26","Sonora","035","Imuris"
"26036","26","Sonora","036","Magdalena"
"26042","26","Sonora","042","Navojoa"
"26043","26","Sonora","043","Nogales"
"26046","26","Sonora","046","Oquitoa"
"26048","26","Sonora","048","Puerto Peñasco"
"26051","26","Sonora","051","Rosario"
"26055","26","Sonora","055","San Luis Rio Colorado"
"26057","26","Sonora","057","San Pedro De La Cueva"
"26067","26","Sonora","067","Villa Hidalgo"
"26069","26","Sonora","069","Yecora"
"26071","26","Sonora","071","Benito Juarez"
"27001","27","Tabasco","001","Balancan"
"27002","27","Tabasco","002","Cardenas"
"27003","27","Tabasco","003","Centla"
"27004","27","Tabasco","004","Centro"
"27005","27","Tabasco","005","Comalcalco"
"27006","27","Tabasco","006","Cunduacan"
"27008","27","Tabasco","008","Huimanguillo"
"27009","27","Tabasco","009","Jalapa"
"27010","27","Tabasco","010","Jalpa De Mendez"
"27011","27","Tabasco","011","Jonuta"
"27012","27","Tabasco","012","Macuspana"
"27013","27","Tabasco","013","Nacajuca"
"27014","27","Tabasco","014","Paraiso"
"27016","27","Tabasco","016","Teapa"
"27017","27","Tabasco","017","Tenosique"
"28002","28","Tamaulipas","002","Aldama"
"28003","28","Tamaulipas","003","Altamira"
"28004","28","Tamaulipas","004","Antiguo Morelos"
"28008","28","Tamaulipas","008","Casas"
"28009","28","Tamaulipas","009","Ciudad Madero"
"28012","28","Tamaulipas","012","Gonzalez"
"28013","28","Tamaulipas","013","Güemez"
"28017","28","Tamaulipas","017","Jaumave"
"28018","28","Tamaulipas","018","Jimenez"
"28021","28","Tamaulipas","021","El Mante"
"28022","28","Tamaulipas","022","Matamoros"
"28023","28","Tamaulipas","023","Mendez"
"28024","28","Tamaulipas","024","Mier"
"28027","28","Tamaulipas","027","Nuevo Laredo"
"28029","28","Tamaulipas","029","Ocampo"
"28031","28","Tamaulipas","031","Palmillas"
"28032","28","Tamaulipas","032","Reynosa"
"28033","28","Tamaulipas","033","Rio Bravo"
"28036","28","Tamaulipas","036","San Nicolas"
"28037","28","Tamaulipas","037","Soto La Marina"
"28038","28","Tamaulipas","038","Tampico"
"28039","28","Tamaulipas","039","Tula"
"28040","28","Tamaulipas","040","Valle Hermoso"
"28041","28","Tamaulipas","041","Victoria"
"28043","28","Tamaulipas","043","Xicotencatl"
"29001","29","Tlaxcala","001","Amaxac De Guerrero"
"29002","29","Tlaxcala","002","Apetatitlan De Antonio Carvajal"
"29003","29","Tlaxcala","003","Atlangatepec"
"29004","29","Tlaxcala","004","Atltzayanca"
"29005","29","Tlaxcala","005","Apizaco"
"29006","29","Tlaxcala","006","Calpulalpan"
"29008","29","Tlaxcala","008","Cuapiaxtla"
"29009","29","Tlaxcala","009","Cuaxomulco"
"29010","29","Tlaxcala","010","Chiautempan"
"29013","29","Tlaxcala","013","Huamantla"
"29014","29","Tlaxcala","014","Hueyotlipan"
"29015","29","Tlaxcala","015","Ixtacuixtla De Mariano Matamoros"
"29017","29","Tlaxcala","017","Mazatecochco De Jose Maria Morelos"
"29018","29","Tlaxcala","018","Contla De Juan Cuamatzi"
"29020","29","Tlaxcala","020","Sanctorum De Lazaro Cardenas"
"29021","29","Tlaxcala","021","Nanacamilpa De Mariano Arista"
"29022","29","Tlaxcala","022","Acuamanala De Miguel Hidalgo"
"29023","29","Tlaxcala","023","Nativitas"
"29024","29","Tlaxcala","024","Panotla"
"29025","29","Tlaxcala","025","San Pablo Del Monte"
"29026","29","Tlaxcala","026","Santa Cruz Tlaxcala"
"29027","29","Tlaxcala","027","Tenancingo"
"29028","29","Tlaxcala","028","Teolocholco"
"29029","29","Tlaxcala","029","Tepeyanco"
"29030","29","Tlaxcala","030","Terrenate"
"29031","29","Tlaxcala","031","Tetla De La Solidaridad"
"29032","29","Tlaxcala","032","Tetlatlahuca"
"29033","29","Tlaxcala","033","Tlaxcala"
"29034","29","Tlaxcala","034","Tlaxco"
"29035","29","Tlaxcala","035","Tocatlan"
"29036","29","Tlaxcala","036","Totolac"
"29037","29","Tlaxcala","037","Ziltlaltepec De Trinidad Sanchez Santos"
"29038","29","Tlaxcala","038","Tzompantepec"
"29039","29","Tlaxcala","039","Xaloztoc"
"29040","29","Tlaxcala","040","Xaltocan"
"29041","29","Tlaxcala","041","Papalotla De Xicohtencatl"
"29042","29","Tlaxcala","042","Xicohtzinco"
"29043","29","Tlaxcala","043","Yauhquemehcan"
"29044","29","Tlaxcala","044","Zacatelco"
"29045","29","Tlaxcala","045","Benito Juarez"
"29046","29","Tlaxcala","046","Emiliano Zapata"
"29047","29","Tlaxcala","047","Lazaro Cardenas"
"29049","29","Tlaxcala","049","San Damian Texoloc"
"29050","29","Tlaxcala","050","San Francisco Tetlanohcan"
"29051","29","Tlaxcala","051","San Jeronimo Zacualpan"
"29052","29","Tlaxcala","052","San Jose Teacalco"
"29053","29","Tlaxcala","053","San Juan Huactzinco"
"29054","29","Tlaxcala","054","San Lorenzo Axocomanitla"
"29056","29","Tlaxcala","056","Santa Ana Nopalucan"
"29058","29","Tlaxcala","058","Santa Catarina Ayometla"
"29060","29","Tlaxcala","060","Santa Isabel Xiloxoxtla"
"30006","30","Veracruz De Ignacio De La Llave","006","Acultzingo"
"30011","30","Veracruz De Ignacio De La Llave","011","Alvarado"
"30013","30","Veracruz De Ignacio De La Llave","013","Naranjos Amatlan"
"30014","30","Veracruz De Ignacio De La Llave","014","Amatlan De Los Reyes"
"30020","30","Veracruz De Ignacio De La Llave","020","Atlahuilco"
"30023","30","Veracruz De Ignacio De La Llave","023","Atzalan"
"30024","30","Veracruz De Ignacio De La Llave","024","Tlaltetela"
"30026","30","Veracruz De Ignacio De La Llave","026","Banderilla"
"30028","30","Veracruz De Ignacio De La Llave","028","Boca Del Rio"
"30030","30","Veracruz De Ignacio De La Llave","030","Camerino Z. Mendoza"
"30031","30","Veracruz De Ignacio De La Llave","031","Carrillo Puerto"
"30032","30","Veracruz De Ignacio De La Llave","032","Catemaco"
"30033","30","Veracruz De Ignacio De La Llave","033","Cazones De Herrera"
"30035","30","Veracruz De Ignacio De La Llave","035","Citlaltepetl"
"30038","30","Veracruz De Ignacio De La Llave","038","Coatepec"
"30039","30","Veracruz De Ignacio De La Llave","039","Coatzacoalcos"
"30040","30","Veracruz De Ignacio De La Llave","040","Coatzintla"
"30043","30","Veracruz De Ignacio De La Llave","043","Comapa"
"30044","30","Veracruz De Ignacio De La Llave","044","Cordoba"
"30047","30","Veracruz De Ignacio De La Llave","047","Coscomatepec"
"30048","30","Veracruz De Ignacio De La Llave","048","Cosoleacaque"
"30049","30","Veracruz De Ignacio De La Llave","049","Cotaxtla"
"30052","30","Veracruz De Ignacio De La Llave","052","Cuichapa"
"30055","30","Veracruz De Ignacio De La Llave","055","Chalma"
"30061","30","Veracruz De Ignacio De La Llave","061","Las Choapas"
"30062","30","Veracruz De Ignacio De La Llave","062","Chocaman"
"30063","30","Veracruz De Ignacio De La Llave","063","Chontla"
"30065","30","Veracruz De Ignacio De La Llave","065","Emiliano Zapata"
"30068","30","Veracruz De Ignacio De La Llave","068","Fortin"
"30069","30","Veracruz De Ignacio De La Llave","069","Gutierrez Zamora"
"30071","30","Veracruz De Ignacio De La Llave","071","Huatusco"
"30079","30","Veracruz De Ignacio De La Llave","079","Ixhuacan De Los Reyes"
"30082","30","Veracruz De Ignacio De La Llave","082","Ixhuatlan Del Sureste"
"30086","30","Veracruz De Ignacio De La Llave","086","Jalacingo"
"30087","30","Veracruz De Ignacio De La Llave","087","Xalapa"
"30091","30","Veracruz De Ignacio De La Llave","091","Jesus Carranza"
"30094","30","Veracruz De Ignacio De La Llave","094","Juan Rodriguez Clara"
"30098","30","Veracruz De Ignacio De La Llave","098","Magdalena"
"30101","30","Veracruz De Ignacio De La Llave","101","Mariano Escobedo"
"30102","30","Veracruz De Ignacio De La Llave","102","Martinez De La Torre"
"30104","30","Veracruz De Ignacio De La Llave","104","Mecayapan"
"30105","30","Veracruz De Ignacio De La Llave","105","Medellin De Bravo"
"30108","30","Veracruz De Ignacio De La Llave","108","Minatitlan"
"30109","30","Veracruz De Ignacio De La Llave","109","Misantla"
"30110","30","Veracruz De Ignacio De La Llave","110","Mixtla De Altamirano"
"30113","30","Veracruz De Ignacio De La Llave","113","Naranjal"
"30115","30","Veracruz De Ignacio De La Llave","115","Nogales"
"30118","30","Veracruz De Ignacio De La Llave","118","Orizaba"
"30121","30","Veracruz De Ignacio De La Llave","121","Ozuluama De Mascareñas"
"30123","30","Veracruz De Ignacio De La Llave","123","Panuco"
"30124","30","Veracruz De Ignacio De La Llave","124","Papantla"
"30128","30","Veracruz De Ignacio De La Llave","128","Perote"
"30130","30","Veracruz De Ignacio De La Llave","130","Playa Vicente"
"30131","30","Veracruz De Ignacio De La Llave","131","Poza Rica De Hidalgo"
"30133","30","Veracruz De Ignacio De La Llave","133","Pueblo Viejo"
"30135","30","Veracruz De Ignacio De La Llave","135","Rafael Delgado"
"30141","30","Veracruz De Ignacio De La Llave","141","San Andres Tuxtla"
"30142","30","Veracruz De Ignacio De La Llave","142","San Juan Evangelista"
"30144","30","Veracruz De Ignacio De La Llave","144","Sayula De Aleman"
"30145","30","Veracruz De Ignacio De La Llave","145","Soconusco"
"30149","30","Veracruz De Ignacio De La Llave","149","Soteapan"
"30160","30","Veracruz De Ignacio De La Llave","160","Alamo Temapache"
"30163","30","Veracruz De Ignacio De La Llave","163","Tenochtitlan"
"30164","30","Veracruz De Ignacio De La Llave","164","Teocelo"
"30171","30","Veracruz De Ignacio De La Llave","171","Texhuacan"
"30173","30","Veracruz De Ignacio De La Llave","173","Tezonapa"
"30175","30","Veracruz De Ignacio De La Llave","175","Tihuatlan"
"30177","30","Veracruz De Ignacio De La Llave","177","Tlacolulan"
"30181","30","Veracruz De Ignacio De La Llave","181","Tlalixcoyan"
"30183","30","Veracruz De Ignacio De La Llave","183","Tlapacoyan"
"30188","30","Veracruz De Ignacio De La Llave","188","Totutla"
"30189","30","Veracruz De Ignacio De La Llave","189","Tuxpan"
"30191","30","Veracruz De Ignacio De La Llave","191","Ursulo Galvan"
"30193","30","Veracruz De Ignacio De La Llave","193","Veracruz"
"30201","30","Veracruz De Ignacio De La Llave","201","Zongolica"
"30204","30","Veracruz De Ignacio De La Llave","204","Agua Dulce"
"30206","30","Veracruz De Ignacio De La Llave","206","Nanchital De Lazaro Cardenas Del Rio"
"30208","30","Veracruz De Ignacio De La Llave","208","Carlos A. Carrillo"
"30212","30","Veracruz De Ignacio De La Llave","212","Santiago Sochiapan"
"31001","31","Yucatán","001","Abala"
"31007","31","Yucatán","007","Cacalchen"
"31008","31","Yucatán","008","Calotmul"
"31010","31","Yucatán","010","Cantamayec"
"31011","31","Yucatán","011","Celestun"
"31013","31","Yucatán","013","Conkal"
"31014","31","Yucatán","014","Cuncunul"
"31018","31","Yucatán","018","Chapab"
"31019","31","Yucatán","019","Chemax"
"31021","31","Yucatán","021","Chichimila"
"31027","31","Yucatán","027","Dzidzantun"
"31031","31","Yucatán","031","Dzoncauich"
"31032","31","Yucatán","032","Espita"
"31033","31","Yucatán","033","Halacho"
"31034","31","Yucatán","034","Hocaba"
"31035","31","Yucatán","035","Hoctun"
"31036","31","Yucatán","036","Homun"
"31037","31","Yucatán","037","Huhi"
"31038","31","Yucatán","038","Hunucma"
"31039","31","Yucatán","039","Ixil"
"31041","31","Yucatán","041","Kanasin"
"31048","31","Yucatán","048","Maxcanu"
"31049","31","Yucatán","049","Mayapan"
"31050","31","Yucatán","050","Merida"
"31051","31","Yucatán","051","Mococha"
"31052","31","Yucatán","052","Motul"
"31054","31","Yucatán","054","Muxupip"
"31055","31","Yucatán","055","Opichen"
"31056","31","Yucatán","056","Oxkutzcab"
"31058","31","Yucatán","058","Peto"
"31059","31","Yucatán","059","Progreso"
"31061","31","Yucatán","061","Rio Lagartos"
"31063","31","Yucatán","063","Samahil"
"31065","31","Yucatán","065","San Felipe"
"31067","31","Yucatán","067","Seye"
"31069","31","Yucatán","069","Sotuta"
"31076","31","Yucatán","076","Tecoh"
"31079","31","Yucatán","079","Tekax"
"31082","31","Yucatán","082","Telchac Pueblo"
"31083","31","Yucatán","083","Telchac Puerto"
"31085","31","Yucatán","085","Temozon"
"31086","31","Yucatán","086","Tepakan"
"31087","31","Yucatán","087","Tetiz"
"31089","31","Yucatán","089","Ticul"
"31091","31","Yucatán","091","Tinum"
"31093","31","Yucatán","093","Tixkokob"
"31096","31","Yucatán","096","Tizimin"
"31101","31","Yucatán","101","Uman"
"31102","31","Yucatán","102","Valladolid"
"31104","31","Yucatán","104","Yaxcaba"
"31105","31","Yucatán","105","Yaxkukul"
"32001","32","Zacatecas","001","Apozol"
"32003","32","Zacatecas","003","Atolinga"
"32005","32","Zacatecas","005","Calera"
"32006","32","Zacatecas","006","Cañitas De Felipe Pescador"
"32009","32","Zacatecas","009","Chalchihuites"
"32010","32","Zacatecas","010","Fresnillo"
"32011","32","Zacatecas","011","Trinidad Garcia De La Cadena"
"32012","32","Zacatecas","012","Genaro Codina"
"32014","32","Zacatecas","014","General Francisco R. Murguia"
"32016","32","Zacatecas","016","General Panfilo Natera"
"32017","32","Zacatecas","017","Guadalupe"
"32019","32","Zacatecas","019","Jalpa"
"32020","32","Zacatecas","020","Jerez"
"32022","32","Zacatecas","022","Juan Aldama"
"32023","32","Zacatecas","023","Juchipila"
"32024","32","Zacatecas","024","Loreto"
"32026","32","Zacatecas","026","Mazapil"
"32029","32","Zacatecas","029","Miguel Auza"
"32031","32","Zacatecas","031","Monte Escobedo"
"32032","32","Zacatecas","032","Morelos"
"32034","32","Zacatecas","034","Nochistlan De Mejia"
"32035","32","Zacatecas","035","Noria De Angeles"
"32036","32","Zacatecas","036","Ojocaliente"
"32038","32","Zacatecas","038","Pinos"
"32039","32","Zacatecas","039","Rio Grande"
"32040","32","Zacatecas","040","Sain Alto"
"32041","32","Zacatecas","041","El Salvador"
"32042","32","Zacatecas","042","Sombrerete"
"32044","32","Zacatecas","044","Tabasco"
"32048","32","Zacatecas","048","Tlaltenango De Sanchez Roman"
"32049","32","Zacatecas","049","Valparaiso"
"32051","32","Zacatecas","051","Villa De Cos"
"32052","32","Zacatecas","052","Villa Garcia"
"32053","32","Zacatecas","053","Villa Gonzalez Ortega"
"32054","32","Zacatecas","054","Villa Hidalgo"
"32055","32","Zacatecas","055","Villanueva"
"32056","32","Zacatecas","056","Zacatecas"
"32057","32","Zacatecas","057","Trancoso"